[
  {
    "id": "03f9ea22-3487-401b-a942-0b4802549c33",
    "data": [
      {
        "text": "friufhe",
        "userDefined": false
      }
    ],
    "isTemplate": false,
    "count": 0,
    "lang": "es-419",
    "updated": 0
  },
  {
    "id": "5234cdb0-00ed-4dfb-b306-a7d1e890fce7",
    "data": [
      {
        "text": "soy p",
        "userDefined": false
      }
    ],
    "isTemplate": false,
    "count": 0,
    "lang": "es-419",
    "updated": 0
  },
  {
    "id": "10ae86f5-4c3e-4f4b-858d-441a526edaa9",
    "data": [
      {
        "text": "soy zapato",
        "userDefined": false
      }
    ],
    "isTemplate": false,
    "count": 0,
    "lang": "es-419",
    "updated": 0
  },
  {
    "id": "83ee8b1f-3d4d-46a7-ad6a-4d9c296db68a",
    "data": [
      {
        "text": "soy casa",
        "userDefined": false
      }
    ],
    "isTemplate": false,
    "count": 0,
    "lang": "es-419",
    "updated": 0
  },
  {
    "id": "1b2a68ad-d3cd-4308-929b-934bc1318f65",
    "data": [
      {
        "text": "soy perro",
        "userDefined": false
      }
    ],
    "isTemplate": false,
    "count": 0,
    "lang": "es-419",
    "updated": 0
  },
  {
    "id": "15127247-878e-4b07-8f47-db0ffabfc594",
    "data": [
      {
        "text": "como vas",
        "userDefined": false
      }
    ],
    "isTemplate": false,
    "count": 0,
    "lang": "es-419",
    "updated": 0
  }
]