[
  {
    "id": "81fa5295-8e74-4522-94bf-9d68382f6ef1",
    "data": [
      {
        "text": "x",
        "userDefined": false
      }
    ],
    "isTemplate": false,
    "count": 0,
    "lang": "es-419",
    "updated": 0
  },
  {
    "id": "2eac5ef6-32aa-4e61-a201-a3247914ecc0",
    "data": [
      {
        "text": "que tal",
        "userDefined": false
      }
    ],
    "isTemplate": false,
    "count": 0,
    "lang": "es-419",
    "updated": 0
  },
  {
    "id": "21885561-2a90-4db7-a834-98ebcc64dfbc",
    "data": [
      {
        "text": "buenos días",
        "userDefined": false
      }
    ],
    "isTemplate": false,
    "count": 0,
    "lang": "es-419",
    "updated": 0
  },
  {
    "id": "d25e496b-ca0c-40ff-86db-29e91c9e920f",
    "data": [
      {
        "text": "Hola",
        "userDefined": false
      }
    ],
    "isTemplate": false,
    "count": 0,
    "lang": "es-419",
    "updated": 0
  }
]