[
  {
    "id": "98576248-e9ce-428a-9e1f-c5519d1420cd",
    "data": [
      {
        "text": "Yopal",
        "meta": "@sys.geo-city",
        "alias": "geo-city",
        "userDefined": false
      }
    ],
    "isTemplate": false,
    "count": 0,
    "lang": "es",
    "updated": 0
  },
  {
    "id": "8c433429-d26d-40e7-bb19-9444ac51a925",
    "data": [
      {
        "text": "Villavicencio",
        "meta": "@sys.geo-city",
        "alias": "geo-city",
        "userDefined": false
      }
    ],
    "isTemplate": false,
    "count": 0,
    "lang": "es",
    "updated": 0
  },
  {
    "id": "8210a9a0-a5be-4443-a374-06e917d5c14e",
    "data": [
      {
        "text": "Bucaramanga",
        "meta": "@sys.geo-city",
        "alias": "geo-city",
        "userDefined": false
      }
    ],
    "isTemplate": false,
    "count": 0,
    "lang": "es",
    "updated": 0
  },
  {
    "id": "fcecb85a-b87d-4e44-bf84-1118101f5b38",
    "data": [
      {
        "text": "Bogota",
        "meta": "@sys.geo-city",
        "alias": "geo-city",
        "userDefined": false
      }
    ],
    "isTemplate": false,
    "count": 0,
    "lang": "es",
    "updated": 0
  },
  {
    "id": "4ea833b6-0f63-48d8-93ec-74c8ecde405d",
    "data": [
      {
        "text": "Tunja",
        "meta": "@sys.geo-city",
        "alias": "geo-city",
        "userDefined": false
      }
    ],
    "isTemplate": false,
    "count": 0,
    "lang": "es",
    "updated": 0
  },
  {
    "id": "39b483c7-8a94-476a-a0ce-0a9b9e244bcc",
    "data": [
      {
        "text": "mi ciudad es ",
        "userDefined": false
      },
      {
        "text": "Tunja",
        "meta": "@sys.geo-city",
        "alias": "geo-city",
        "userDefined": true
      }
    ],
    "isTemplate": false,
    "count": 0,
    "lang": "es",
    "updated": 0
  }
]