[
  {
    "id": "d794212a-d126-41ab-967e-b305c61e745e",
    "data": [
      {
        "text": "la ciudad",
        "userDefined": true
      },
      {
        "text": " de ",
        "userDefined": false
      },
      {
        "text": "Tunja",
        "meta": "@sys.geo-city",
        "alias": "geo-city",
        "userDefined": false
      }
    ],
    "isTemplate": false,
    "count": 0,
    "lang": "es",
    "updated": 0
  },
  {
    "id": "4ed79ef3-d186-4a32-b354-d5f99f31d2e4",
    "data": [
      {
        "text": "sobre ",
        "userDefined": false
      },
      {
        "text": "cartagena",
        "meta": "@sys.geo-city",
        "alias": "geo-city",
        "userDefined": false
      }
    ],
    "isTemplate": false,
    "count": 0,
    "lang": "es",
    "updated": 0
  },
  {
    "id": "820575b1-a648-4bd6-b6bb-cab5afa9c2b0",
    "data": [
      {
        "text": "Barranquilla",
        "meta": "@sys.geo-city",
        "alias": "geo-city",
        "userDefined": false
      }
    ],
    "isTemplate": false,
    "count": 0,
    "lang": "es",
    "updated": 0
  },
  {
    "id": "3d48181a-85f8-46be-b8d6-037323406207",
    "data": [
      {
        "text": "medellin",
        "meta": "@sys.geo-city",
        "alias": "geo-city",
        "userDefined": false
      }
    ],
    "isTemplate": false,
    "count": 0,
    "lang": "es",
    "updated": 0
  },
  {
    "id": "34576e22-673c-4ba1-a464-337bf7525ceb",
    "data": [
      {
        "text": "cali",
        "meta": "@sys.geo-city",
        "alias": "geo-city",
        "userDefined": false
      }
    ],
    "isTemplate": false,
    "count": 0,
    "lang": "es",
    "updated": 0
  },
  {
    "id": "81f21a63-b064-4739-8c60-217198046886",
    "data": [
      {
        "text": "Bogota",
        "meta": "@sys.geo-city",
        "alias": "geo-city",
        "userDefined": false
      }
    ],
    "isTemplate": false,
    "count": 0,
    "lang": "es",
    "updated": 0
  }
]