[
  {
    "id": "7d9b9845-db97-4ff9-9766-2b709f8e2f0b",
    "data": [
      {
        "text": "Barranquilla",
        "meta": "@sys.location",
        "alias": "location",
        "userDefined": true
      }
    ],
    "isTemplate": false,
    "count": 0,
    "lang": "es",
    "updated": 0
  },
  {
    "id": "b6100041-fbf1-4c24-9b3c-60adca1905f8",
    "data": [
      {
        "text": "Tunja",
        "meta": "@sys.location",
        "alias": "location",
        "userDefined": false
      }
    ],
    "isTemplate": false,
    "count": 0,
    "lang": "es",
    "updated": 0
  },
  {
    "id": "d6c84c45-510b-40f8-8f64-a3aa81df753d",
    "data": [
      {
        "text": "Villavicencio",
        "meta": "@sys.location",
        "alias": "location",
        "userDefined": true
      }
    ],
    "isTemplate": false,
    "count": 0,
    "lang": "es",
    "updated": 0
  },
  {
    "id": "89a88526-5d8d-408b-b9a9-1fdd34965cdc",
    "data": [
      {
        "text": "Medellin",
        "meta": "@sys.location",
        "alias": "location",
        "userDefined": true
      }
    ],
    "isTemplate": false,
    "count": 0,
    "lang": "es",
    "updated": 0
  },
  {
    "id": "f2b2ac21-7a88-4519-a077-5f253047ae98",
    "data": [
      {
        "text": "Cali",
        "meta": "@sys.location",
        "alias": "location",
        "userDefined": false
      }
    ],
    "isTemplate": false,
    "count": 0,
    "lang": "es",
    "updated": 0
  },
  {
    "id": "9b489673-91cd-4156-b16a-c9a139ff0baa",
    "data": [
      {
        "text": "Bogota",
        "meta": "@sys.location",
        "alias": "location",
        "userDefined": true
      }
    ],
    "isTemplate": false,
    "count": 0,
    "lang": "es",
    "updated": 0
  }
]