[
  {
    "value": "@sys.person:person \n@nicknamelist:nicknamelistt @nicknamelist:last-name\n@sys.given-name:nombre-2",
    "synonyms": [
      "@sys.person:person \n@nicknamelist:nicknamelistt @nicknamelist:last-name\n@sys.given-name:nombre-2"
    ]
  },
  {
    "value": "@sys.given-name:given-namec @sys.given-name:given-name6  @sys.given-name:given-name7",
    "synonyms": [
      "@sys.given-name:given-namec @sys.given-name:given-name6  @sys.given-name:given-name7"
    ]
  },
  {
    "value": "@sys.last-name:last-name_solo @sys.given-name:given-name_solo\n@sys.given-name:given-name5 @sys.last-name:apell-1",
    "synonyms": [
      "@sys.last-name:last-name_solo @sys.given-name:given-name_solo\n@sys.given-name:given-name5 @sys.last-name:apell-1"
    ]
  },
  {
    "value": "@sys.given-name:given-name6 @sys.last-name:last-name_c \n@sys.last-name:last-namea @sys.last-name:apell-2",
    "synonyms": [
      "@sys.given-name:given-name6 @sys.last-name:last-name_c \n@sys.last-name:last-namea @sys.last-name:apell-2"
    ]
  },
  {
    "value": "@sys.last-name:last-nameb\n@sys.given-name:given-name3 @sys.given-name:given-name4 \n@sys.given-name:nombre-uno",
    "synonyms": [
      "@sys.last-name:last-nameb\n@sys.given-name:given-name3 @sys.given-name:given-name4 \n@sys.given-name:nombre-uno"
    ]
  }
]