[
  {
    "id": "baa1f74b-b915-4924-a5ef-4300aadad0f2",
    "data": [
      {
        "text": "Hugo",
        "meta": "@sys.given-name",
        "alias": "given-name",
        "userDefined": true
      }
    ],
    "isTemplate": false,
    "count": 0,
    "lang": "es-419",
    "updated": 0
  },
  {
    "id": "80879841-130e-4390-b3e0-883eafff313b",
    "data": [
      {
        "text": "soy ",
        "userDefined": false
      },
      {
        "text": "Hugo",
        "meta": "@sys.given-name",
        "alias": "given-name",
        "userDefined": true
      }
    ],
    "isTemplate": false,
    "count": 0,
    "lang": "es-419",
    "updated": 0
  },
  {
    "id": "b2a264e3-b766-4374-bc5b-71584585622a",
    "data": [
      {
        "text": "mi",
        "userDefined": false
      },
      {
        "text": " nombre ",
        "userDefined": false
      },
      {
        "text": "es",
        "userDefined": false
      },
      {
        "text": " ",
        "userDefined": false
      },
      {
        "text": "Hugo",
        "meta": "@sys.given-name",
        "alias": "given-name",
        "userDefined": false
      }
    ],
    "isTemplate": false,
    "count": 0,
    "lang": "es-419",
    "updated": 0
  },
  {
    "id": "c2b9e018-59c4-4fec-8f15-940ed5cfac8f",
    "data": [
      {
        "text": "me llamo ",
        "userDefined": false
      },
      {
        "text": "Hugo",
        "meta": "@sys.given-name",
        "alias": "given-name",
        "userDefined": false
      }
    ],
    "isTemplate": false,
    "count": 0,
    "lang": "es-419",
    "updated": 0
  }
]