[
  {
    "id": "9dd2059f-4b3a-47e8-acdb-e4aa7d3253d6",
    "data": [
      {
        "text": "3",
        "meta": "@sys.number",
        "alias": "number",
        "userDefined": false
      }
    ],
    "isTemplate": false,
    "count": 0,
    "lang": "es",
    "updated": 0
  },
  {
    "id": "a550da46-65e4-4e78-8b22-e360ca7f4f75",
    "data": [
      {
        "text": "tres",
        "meta": "@sys.number",
        "alias": "number",
        "userDefined": false
      }
    ],
    "isTemplate": false,
    "count": 0,
    "lang": "es",
    "updated": 0
  },
  {
    "id": "69986ee8-2bb8-4821-8f0b-593b001bf03b",
    "data": [
      {
        "text": "elijo los número ",
        "userDefined": false
      },
      {
        "text": "3",
        "meta": "@sys.number",
        "alias": "number",
        "userDefined": true
      }
    ],
    "isTemplate": false,
    "count": 0,
    "lang": "es",
    "updated": 0
  },
  {
    "id": "d3840c20-f9b0-4f2b-9012-3c6cb642478f",
    "data": [
      {
        "text": "selecciono el ",
        "userDefined": false
      },
      {
        "text": "tercero",
        "meta": "@sys.number",
        "alias": "number",
        "userDefined": true
      }
    ],
    "isTemplate": false,
    "count": 0,
    "lang": "es",
    "updated": 0
  },
  {
    "id": "690c8ac4-96e4-4689-a911-2d2e28693eea",
    "data": [
      {
        "text": "el ",
        "userDefined": false
      },
      {
        "text": "tercero",
        "meta": "@sys.number",
        "alias": "number",
        "userDefined": true
      }
    ],
    "isTemplate": false,
    "count": 0,
    "lang": "es",
    "updated": 0
  }
]