[
  {
    "id": "edc34c4c-c5ea-48ad-962d-c4867bedd75d",
    "data": [
      {
        "text": "hay mucho alienigenas",
        "userDefined": false
      }
    ],
    "isTemplate": false,
    "count": 0,
    "lang": "es",
    "updated": 0
  },
  {
    "id": "1421bea3-8476-4741-8a62-6baa158879f4",
    "data": [
      {
        "text": "Existe ",
        "userDefined": false
      },
      {
        "text": "una",
        "userDefined": false
      },
      {
        "text": " Teoria Alienigena que hay ",
        "userDefined": false
      },
      {
        "text": "un cuarto",
        "userDefined": false
      },
      {
        "text": " subterraneo en ",
        "userDefined": false
      },
      {
        "text": "medellin",
        "meta": "@sys.geo-city",
        "alias": "geo-city",
        "userDefined": true
      },
      {
        "text": " ",
        "userDefined": false
      },
      {
        "text": "para",
        "userDefined": false
      },
      {
        "text": " ahi ocultar los ovnis aterrizados",
        "userDefined": false
      }
    ],
    "isTemplate": false,
    "count": 0,
    "lang": "es",
    "updated": 0
  },
  {
    "id": "a3a4b090-3ec8-4abb-93ce-21278855829e",
    "data": [
      {
        "text": "Teoria Alienigena que  cuando se hace de ",
        "userDefined": false
      },
      {
        "text": "noche",
        "userDefined": false
      },
      {
        "text": " en ",
        "userDefined": false
      },
      {
        "text": "Cali",
        "meta": "@sys.geo-city",
        "alias": "geo-city",
        "userDefined": true
      },
      {
        "text": " el cielo se pueden observar ovnis",
        "userDefined": false
      }
    ],
    "isTemplate": false,
    "count": 0,
    "lang": "es",
    "updated": 0
  }
]