[
  {
    "id": "2538f481-d90a-4d33-8a24-c4e6f3c99744",
    "data": [
      {
        "text": "Existe ",
        "userDefined": false
      },
      {
        "text": "una",
        "userDefined": false
      },
      {
        "text": " Teoria Alienigena que hay ",
        "userDefined": false
      },
      {
        "text": "un cuarto",
        "userDefined": false
      },
      {
        "text": " subterraneo en ",
        "userDefined": false
      },
      {
        "text": "medellin",
        "meta": "@sys.geo-city",
        "alias": "geo-city",
        "userDefined": true
      },
      {
        "text": " ",
        "userDefined": false
      },
      {
        "text": "para",
        "userDefined": false
      },
      {
        "text": " ahi ocultar los ovnis aterrizados",
        "userDefined": false
      }
    ],
    "isTemplate": false,
    "count": 0,
    "lang": "es",
    "updated": 0
  }
]