[
  {
    "id": "70b19ee5-6165-4f91-9417-ee1ef525d823",
    "data": [
      {
        "text": "Existe una Teoria Alienigena que hay un cuarto subterraneo en ",
        "userDefined": false
      },
      {
        "text": "medellin",
        "meta": "@sys.geo-city",
        "alias": "geo-city",
        "userDefined": true
      },
      {
        "text": " para ahi ocultar los ovnis aterrizados",
        "userDefined": false
      }
    ],
    "isTemplate": false,
    "count": 0,
    "lang": "es",
    "updated": 0
  }
]