[
  {
    "id": "e3d543a1-3de1-4853-a924-3a5765464c0e",
    "data": [
      {
        "text": "hacer otra vez",
        "userDefined": false
      }
    ],
    "isTemplate": false,
    "count": 0,
    "lang": "es-419",
    "updated": 0
  },
  {
    "id": "0160cf25-4b75-460c-a35f-40fdebf177a8",
    "data": [
      {
        "text": "repetir los resultados",
        "userDefined": false
      }
    ],
    "isTemplate": false,
    "count": 0,
    "lang": "es-419",
    "updated": 0
  },
  {
    "id": "52158a6a-690e-4a9f-87ed-621b9c25f1da",
    "data": [
      {
        "text": "rehacer",
        "userDefined": false
      }
    ],
    "isTemplate": false,
    "count": 0,
    "lang": "es-419",
    "updated": 0
  },
  {
    "id": "ff37e6c8-f6b2-4def-8e77-79ac039319a8",
    "data": [
      {
        "text": "repetir lo dicho ahora mismo",
        "userDefined": false
      }
    ],
    "isTemplate": false,
    "count": 0,
    "lang": "es-419",
    "updated": 0
  },
  {
    "id": "34658a37-80fa-4e77-a14a-a169b20f859f",
    "data": [
      {
        "text": "decir otra vez",
        "userDefined": false
      }
    ],
    "isTemplate": false,
    "count": 0,
    "lang": "es-419",
    "updated": 0
  },
  {
    "id": "b50c7e41-6b6c-4229-b482-56e71bc7c17d",
    "data": [
      {
        "text": "repite lo dicho",
        "userDefined": false
      }
    ],
    "isTemplate": false,
    "count": 0,
    "lang": "es-419",
    "updated": 0
  },
  {
    "id": "42adfa27-ece1-428a-afa9-05da2621d7d8",
    "data": [
      {
        "text": "repetir",
        "userDefined": false
      }
    ],
    "isTemplate": false,
    "count": 0,
    "lang": "es-419",
    "updated": 0
  },
  {
    "id": "db896210-41e2-4944-b488-fd4a94c57a31",
    "data": [
      {
        "text": "decir lo mismo otra vez",
        "userDefined": false
      }
    ],
    "isTemplate": false,
    "count": 0,
    "lang": "es-419",
    "updated": 0
  },
  {
    "id": "c65c6fad-618a-4765-9d93-179d96f85000",
    "data": [
      {
        "text": "repetir lo mismo",
        "userDefined": false
      }
    ],
    "isTemplate": false,
    "count": 0,
    "lang": "es-419",
    "updated": 0
  },
  {
    "id": "5d6308f7-a3d8-45f7-aa66-480fd6162f7a",
    "data": [
      {
        "text": "repite",
        "userDefined": false
      }
    ],
    "isTemplate": false,
    "count": 0,
    "lang": "es-419",
    "updated": 0
  }
]